Address,Latitude,Longitude
2100 W Corporate Drive Suite A,41.927070,-88.043020
1126 E Ogden Ave,41.7925107,-88.1269759615385
299 W Roosevelt Road,41.860420,-87.984980
2526 West Jefferson Street,41.52203803062831,-88.14486086179672
1301 Il Route 59,41.545150,-88.199670
19966 South La Grange Road,41.52872082042897,-87.85025308377512
101 South Randall Road,41.91087543624161,-88.34007483892617
750 North Route 59,41.766070,-88.206040
9526 West 159 Street,41.601500,-87.850840
440 North Avenue,41.9152681,-88.2086841
620 South Weber Road,41.674898,-88.125521
1735 Marketview Drive,41.6625526,-88.4416691
1937 E. Base Line Road,41.7221075,-88.3723038
803 South Randall Road,42.0133145,-88.3364096
6490 South Cass Avenue,41.7702126875,-87.974332875
177 Melrose Park,41.9089257,-87.86606826289261
2073 North State Route 50,41.166397,-87.851236
126 South Gary Avenue,41.9529472,-88.1204074
12420 Il-47,42.1226572,-88.4329499
2021 North Rand Road,42.1332003,-88.0118509
34 South Kennedy Road,42.120979,-88.257956
1980 Mckee Street,41.85412076727514,-88.33961537809486
14066 South Cicero Avenue,41.653165,-87.738299
490 Main Place,41.8994478,-88.1072237
571 South Peace Road,41.98463514404781,-88.70899968961768
4801 Hoffman Blvd,42.068787,-88.197632
1810 North Milwaukee Avenue,42.259807300000006,-87.94989553412765
10 Kendall Point Drive,41.7095162,-88.2978672
4839 West 111Th Street,41.690764,-87.744583
12621 South Il Route 59,41.655444,-88.203749
1711 South Randall Road,42.1731018,-88.33535
6119 Northwest Highway,42.226169,-88.3257859
20739 South Cicero Avenue,41.513431,-87.73244
